frames,return
0.0,975.1841828946982
1000.0,863.4983738540914
2000.0,768.6110205908916
3000.0,585.92553455254
4000.0,-16.88290468459509
5000.0,-582.1897400197744
6000.0,183.66372713195187
7000.0,-549.1588361611925
8000.0,-23.906093716508487
9000.0,67.58176591266538
10000.0,308.4221935089461
11000.0,64.91847698747657
12000.0,352.3224140721088
13000.0,368.90903346385386
14000.0,334.23024606003816
15000.0,451.33374914792336
16000.0,46.813573649271966
17000.0,241.9610944908858
18000.0,-94.3602611902084
19000.0,630.0963322389874
20000.0,410.6572613983815
21000.0,149.9446853737003
22000.0,432.0850151525869
23000.0,550.6626473048678
24000.0,651.8578502555011
25000.0,205.66632086392303
26000.0,742.2820583219063
27000.0,26.321409896061393
28000.0,415.6796422842279
29000.0,282.04418521534626
30000.0,71.16673043021277
31000.0,777.3670676326346
32000.0,272.7312404638019
33000.0,486.754225522752
34000.0,338.1787502406035
35000.0,411.43119997867865
36000.0,103.80403500575926
37000.0,771.1955508810736
38000.0,583.3268004811846
39000.0,3.7309808079816165
40000.0,482.1770106161112
41000.0,89.29129504896657
42000.0,367.0411684762671
43000.0,242.51697042540937
44000.0,667.4386041978647
45000.0,471.0111322616105
46000.0,116.80483443570024
47000.0,818.8641227414319
48000.0,76.9276551091845
49000.0,488.57061272830356
50000.0,16.09610149624879
51000.0,546.7311626616328
52000.0,151.09621481667799
53000.0,624.1209686402779
54000.0,68.16982674805578
55000.0,232.49939677897774
56000.0,803.075883963642
57000.0,1004.0521200619119
58000.0,72.07822974359523
59000.0,165.07048569808464
60000.0,1126.22029426835
61000.0,567.8512516108259
62000.0,248.9818803034135
63000.0,626.7468550379024
64000.0,565.5816589718331
65000.0,1038.203071116714
66000.0,134.37516037267685
67000.0,546.7882932919139
68000.0,129.30139649945366
69000.0,656.860030855436
70000.0,422.4229293702619
71000.0,663.8018583610246
72000.0,379.97586020165943
73000.0,919.916132141215
74000.0,702.0407098434223
75000.0,703.8518805128841
76000.0,666.278713120625
77000.0,320.0804328494785
78000.0,1041.4747217855752
79000.0,758.5478316074456
80000.0,991.7891603808779
81000.0,690.1280002852432
82000.0,633.7223227763305
83000.0,985.5647509571457
84000.0,977.8877102017343
85000.0,138.43641498787477
86000.0,633.0417599399293
87000.0,55.00922575832085
88000.0,262.72380555205314
89000.0,895.1132319472619
90000.0,423.15094209849144
91000.0,279.6152293561021
92000.0,148.34249780252898
93000.0,709.4197085308205
94000.0,157.61137531688235
95000.0,786.7005193052685
96000.0,764.9884857546166
97000.0,1034.3246465754296
98000.0,1198.700561545236
99000.0,868.9597769093632
100000.0,261.0113556763542
101000.0,1098.6582705393728
102000.0,751.5822778205694
103000.0,27.191067148489577
104000.0,1291.4468701241442
105000.0,1246.1542517682474
106000.0,997.1477377428506
107000.0,875.3442419684932
108000.0,740.959977458516
109000.0,134.54406184686064
110000.0,1115.4951310419247
111000.0,244.98342433346028
112000.0,675.6159790778697
113000.0,497.8790167635525
114000.0,1716.6154434499676
115000.0,1766.7968422979327
116000.0,487.9099795574286
117000.0,1004.3548197076062
118000.0,466.8073121151982
119000.0,103.69201134647304
120000.0,388.277232115086
121000.0,893.4661662199426
122000.0,1653.244980352889
123000.0,152.73531939037213
124000.0,938.8001818953545
125000.0,935.6755894121266
126000.0,405.51439295516917
127000.0,1904.909423833786
128000.0,94.22204921951018
129000.0,236.13803366415877
130000.0,837.0261575612878
131000.0,133.8799072155388
132000.0,602.960618779846
133000.0,986.514489358109
134000.0,1885.1858274014376
135000.0,1292.980920015948
136000.0,1919.9750749243901
137000.0,928.829572806607
138000.0,1036.1491621662278
139000.0,110.64644057269476
140000.0,608.8387267655796
141000.0,679.2311606598031
142000.0,994.531972656769
143000.0,1031.6234648689615
144000.0,603.6973626372865
145000.0,1131.058631615427
146000.0,1700.9432652969163
147000.0,202.09022948539874
148000.0,613.6733999839602
149000.0,87.01553853954941
150000.0,814.987336835856
151000.0,164.93525684330587
152000.0,1017.8887106880394
153000.0,296.4320232920567
154000.0,1919.5664460321445
155000.0,388.2078682649003
156000.0,1260.6252373712784
157000.0,1288.080935387409
158000.0,1925.171289602328
159000.0,1512.7624425777763
160000.0,961.6929321426333
161000.0,972.5448936273782
162000.0,942.9834832600819
163000.0,2148.75181909955
164000.0,2016.620727046646
165000.0,1408.1652127991404
166000.0,408.24780928836213
167000.0,286.68163936628616
168000.0,1009.8143661698609
169000.0,531.3934050095265
170000.0,1961.3690602491274
171000.0,1949.6960579885165
172000.0,1965.4615343405828
173000.0,878.659350063755
174000.0,241.55091227718134
175000.0,1315.1916288190725
176000.0,834.0549455994638
177000.0,834.3228679845222
178000.0,1764.5541312336318
179000.0,1555.674188709184
180000.0,310.3018558911481
181000.0,98.58970301312408
182000.0,1255.5259998610732
183000.0,551.4525319590341
184000.0,789.5138799056056
185000.0,1215.0344326571756
186000.0,1409.881178919011
187000.0,118.33146770902708
188000.0,39.896500592422434
189000.0,1275.765362744174
190000.0,859.400265639505
191000.0,2.550229892583703
192000.0,859.3940880365417
193000.0,874.21496346283
194000.0,851.1320863359339
195000.0,1417.736972385189
196000.0,764.2317961848858
197000.0,792.4146144234027
198000.0,229.49560065255167
199000.0,1208.5597091678167
200000.0,1964.9692351807432
201000.0,2221.72466320493
202000.0,968.5588555457061
203000.0,259.8350863856778
204000.0,1570.5797765759435
205000.0,813.7994260832917
206000.0,2215.0345165501185
207000.0,223.8361598318419
208000.0,322.26628871316757
209000.0,1671.8296367406438
210000.0,882.3573017578038
211000.0,270.2470999410721
212000.0,2024.7379132098476
213000.0,1378.5572718153412
214000.0,621.8855912180334
215000.0,1954.7551927169534
216000.0,812.2965096155212
217000.0,69.70863535150332
218000.0,1571.6743428553527
219000.0,358.1179102948053
220000.0,1732.128577446231
221000.0,2109.6911467067825
222000.0,1519.0159836785367
223000.0,2177.2274706621565
224000.0,1408.5862939498898
225000.0,397.05719464174643
226000.0,150.66755275426257
227000.0,1298.529819968444
228000.0,2310.2129289277077
229000.0,1107.4703423283668
230000.0,294.29186689274036
231000.0,636.1209892903642
232000.0,861.737255497971
233000.0,2322.885325817728
234000.0,835.6467485298399
235000.0,248.04713843520483
236000.0,853.6421356730915
237000.0,2022.6954906444753
238000.0,1175.6179407446668
239000.0,1255.914413932418
240000.0,2072.933814335218
241000.0,2343.5040673068406
242000.0,456.9195322260658
243000.0,703.4450061399361
244000.0,2061.4119803458007
245000.0,1524.586783768795
246000.0,1774.8052077807715
247000.0,2291.859696253658
248000.0,1214.0086734624042
249000.0,812.6707645933145
250000.0,475.912317418404
251000.0,1388.2568419564159
252000.0,1848.1615294599521
253000.0,1285.2418173879657
254000.0,343.81191034490064
255000.0,1038.8051889452177
256000.0,750.5387688238463
257000.0,639.0690253920302
258000.0,2256.9441748098907
259000.0,2159.8373578542846
260000.0,1767.5730796391417
261000.0,1449.3246598665673
262000.0,1732.4148483642582
263000.0,2285.8938214776767
264000.0,1037.6103360835534
265000.0,709.2311508217138
266000.0,726.73214600472
267000.0,1877.599144407159
268000.0,1237.9028299598758
269000.0,1043.9106383363985
270000.0,1045.2851007053944
271000.0,836.808895853803
272000.0,863.6092525182186
273000.0,648.568711097437
274000.0,864.1463764478029
275000.0,1651.3972336868726
276000.0,606.5708700670738
277000.0,670.2618696905525
278000.0,287.5714686826974
279000.0,1651.8014002980785
280000.0,1760.339478123525
281000.0,171.13858630330873
282000.0,68.37716150460764
283000.0,1337.9234118653567
284000.0,2349.3537034142796
285000.0,2390.7478369804276
286000.0,2248.598058388246
287000.0,2324.878036817518
288000.0,501.45578764911784
289000.0,1392.668414817898
290000.0,104.66843965928463
291000.0,832.6946870476762
292000.0,1848.5794712245784
293000.0,322.7817604582249
294000.0,26.182245259588214
295000.0,2479.6149888621503
296000.0,2539.6625436840773
297000.0,292.04195374652534
298000.0,924.8974793169018
299000.0,2303.711843052257
300000.0,1181.5862501146703
301000.0,2402.058645551284
302000.0,1196.8200937657882
303000.0,1098.1511492660306
304000.0,1456.937053566539
305000.0,487.5226500795698
306000.0,983.5939347355602
307000.0,2349.7381419810404
308000.0,364.7185992023351
309000.0,2376.6968193762755
310000.0,738.2862083649046
311000.0,1075.7934990193357
312000.0,2410.8908320015034
313000.0,1285.1548433524265
314000.0,784.675240001019
315000.0,1589.6024820504579
316000.0,2097.5748404838487
317000.0,1129.4684426718095
318000.0,2410.5260538224925
319000.0,1727.6881742020928
320000.0,1837.032527498233
321000.0,1632.2640076774592
322000.0,710.0116623300626
323000.0,746.8407978729022
324000.0,747.3961223423021
325000.0,2351.112049187897
326000.0,878.5212117673254
327000.0,2254.407353618543
328000.0,622.6363776009443
329000.0,426.74812608602116
330000.0,652.2491100956216
331000.0,2544.9951932101117
332000.0,1093.2621621902056
333000.0,1466.8699559688027
334000.0,2141.3986982022257
335000.0,880.6591986127537
336000.0,28.949299411124528
337000.0,1286.7513276794425
338000.0,909.2225475838817
339000.0,2608.2873174205724
340000.0,2666.5848832443053
341000.0,1771.7578240581558
342000.0,582.9364042774795
343000.0,1606.5880188880715
344000.0,2008.3103527505311
345000.0,2666.9799505609403
346000.0,6.8280579392696
347000.0,1761.4873116876756
348000.0,646.2964244379489
349000.0,2673.24829831833
350000.0,244.43323010691333
351000.0,883.3648177119339
352000.0,1462.330170697403
353000.0,445.57449228762334
354000.0,663.354315912469
355000.0,400.1863010439302
356000.0,2628.691715467624
357000.0,2677.1658929759774
358000.0,2362.647124038517
359000.0,2552.640698556232
360000.0,951.1567755358889
361000.0,533.5362008094767
362000.0,177.18572468025883
363000.0,906.6825961393895
364000.0,2498.2266204116067
365000.0,2694.380993252328
366000.0,1343.6850191394979
367000.0,1324.1644949150282
368000.0,874.0533669316657
369000.0,821.8941255968682
370000.0,1355.8677149840705
371000.0,559.0275743360226
372000.0,1520.0436107217402
373000.0,2674.8048053693774
374000.0,609.3386291839527
375000.0,780.3977794070905
376000.0,741.957080864843
377000.0,2672.1318608147626
378000.0,2890.9969594906033
379000.0,2099.0640087095617
380000.0,841.2578102152813
381000.0,438.97975929163823
382000.0,689.5212703098265
383000.0,2563.8136628489387
384000.0,896.8398818772085
385000.0,1375.8490853640512
386000.0,2263.195507607004
387000.0,1565.5209979713263
388000.0,1679.820894536054
389000.0,2689.372471137017
390000.0,922.6074000742092
391000.0,817.869199742496
392000.0,2843.7921923987906
393000.0,2656.9126109929493
394000.0,1402.4196040574966
395000.0,96.99365016002167
396000.0,1242.2017523867924
397000.0,1019.0228521078243
398000.0,470.0360544249512
399000.0,2444.2065514786987
400000.0,559.2753804831337
401000.0,2800.449479894033
402000.0,2849.4095843523382
403000.0,762.6481310954317
404000.0,1432.490371885323
405000.0,15.731437676855093
406000.0,2416.8421123163653
407000.0,2741.971611981374
408000.0,1685.3376154834168
409000.0,221.07668864932782
410000.0,822.659461749114
411000.0,60.76286349923487
412000.0,2522.330656472656
413000.0,313.386799611207
414000.0,2851.52050057587
415000.0,1216.5636198896768
416000.0,51.695637741012256
417000.0,2153.6090896453793
418000.0,2639.214744607363
419000.0,2689.059669435658
420000.0,1111.527842015625
421000.0,2971.671437260302
422000.0,826.9453414782823
423000.0,375.69660765558075
424000.0,1563.2975919040528
425000.0,2201.021135262273
426000.0,246.609625869837
427000.0,2737.9861762602754
428000.0,982.4854937329272
429000.0,2833.62653061913
430000.0,725.8689522205246
431000.0,57.8639276665318
432000.0,2616.547967624618
433000.0,651.4559148312628
434000.0,25.929344012431894
435000.0,86.96517840294848
436000.0,10.29021291747559
437000.0,629.7538529002924
438000.0,1639.7779745208436
439000.0,234.8250170846941
440000.0,4.605697880966577
441000.0,2052.842703535003
442000.0,1057.27164457754
443000.0,2468.067550405827
444000.0,2977.30405393929
445000.0,2410.85280589457
446000.0,470.5670525984007
447000.0,62.63088821710091
448000.0,2774.6958870744375
449000.0,686.7354034439708
450000.0,839.4155264581575
451000.0,69.7371877071864
452000.0,1864.0162959223737
453000.0,876.7202022638746
454000.0,461.49480950205026
455000.0,2646.1698222850146
456000.0,1087.3827316251486
457000.0,2843.4140806205487
458000.0,2727.3574190766803
459000.0,1496.64242822503
460000.0,1807.9587399183224
461000.0,3082.833404520308
462000.0,1242.6266406858351
463000.0,57.589968673191706
464000.0,3062.0842014753757
465000.0,1742.5502380424784
466000.0,197.7634455176057
467000.0,3048.2956022723642
468000.0,2781.0660466001395
469000.0,1276.9274909611506
470000.0,689.8102399444134
471000.0,3309.184267467574
472000.0,324.1054037658872
473000.0,1431.4493118705846
474000.0,2947.488301162561
475000.0,445.0575561402426
476000.0,870.8506487985919
477000.0,113.17012542648304
478000.0,1198.2758747933408
479000.0,800.7142100370494
480000.0,322.0956261414833
481000.0,524.4603003373145
482000.0,1038.5519506728301
483000.0,1311.7568555336031
484000.0,2617.9270853399403
485000.0,202.16398077794054
486000.0,1137.4999790252175
487000.0,1791.122755080621
488000.0,2972.1200201853835
489000.0,2844.0762226480065
490000.0,2963.803477399078
491000.0,2886.189651278154
492000.0,1670.2893681935518
493000.0,2120.014099622024
494000.0,2555.3061655244187
495000.0,589.4948798000332
496000.0,2876.2508634479173
497000.0,789.5329684254259
498000.0,584.4519530752308
499000.0,820.2039696106197
500000.0,1929.7354741039226
501000.0,1440.381090224284
502000.0,2714.86956129735
503000.0,2950.659528826345
504000.0,3023.135592438948
505000.0,165.57551895199825
506000.0,3086.9021548933124
507000.0,2298.4995409834496
508000.0,2553.170089290253
509000.0,2800.7592247299945
510000.0,332.1870501980126
511000.0,2885.3680095890336
512000.0,1078.5710737995662
513000.0,760.3056998988122
514000.0,972.2769092659324
515000.0,2880.524252669706
516000.0,2915.782601648536
517000.0,728.812440052239
518000.0,882.0605676431077
519000.0,2053.6891045397097
520000.0,978.5696102021703
521000.0,2705.3192975741304
522000.0,2536.976604217862
523000.0,2480.760816578024
524000.0,2169.6941577184
525000.0,2435.0853881759
526000.0,3390.841240151708
527000.0,1893.5194526032346
528000.0,950.9203338823667
529000.0,2053.3397014588495
530000.0,1767.5448904182585
531000.0,3020.4137217355683
532000.0,2752.270385174859
533000.0,850.1630305163666
534000.0,387.48792907715244
535000.0,2593.8870986977404
536000.0,2734.5200043572777
537000.0,2870.2040786790103
538000.0,379.48716144146454
539000.0,2645.7148893563026
540000.0,3048.60286398935
541000.0,3237.676853326978
542000.0,3082.917160712561
543000.0,3152.9589640284216
544000.0,3277.7365507731024
545000.0,3269.101086363567
546000.0,3319.044366804879
547000.0,551.6087438026342
548000.0,3088.7436112057817
549000.0,2154.060944636103
550000.0,1511.3630222519903
551000.0,3006.109105084126
552000.0,343.5525696864141
553000.0,552.5112222243794
554000.0,3330.94292482708
555000.0,3214.000410449487
556000.0,1620.1380177002911
557000.0,3361.0015175108974
558000.0,3053.7039757986267
559000.0,1239.0313989320207
560000.0,3217.874997740066
561000.0,3009.494322139041
562000.0,1540.463099924726
563000.0,3119.837014000219
564000.0,3441.689481381924
565000.0,3242.3510732449536
566000.0,1070.9507686042616
567000.0,1589.177719225132
568000.0,2055.348117935394
569000.0,1912.7897794930427
570000.0,500.21824025635163
571000.0,537.7279490629038
572000.0,3188.584905555217
573000.0,3303.472204734311
574000.0,3405.537329023996
575000.0,12.275919916712088
576000.0,1168.3113425879594
577000.0,3308.3276563476047
578000.0,3337.079677001551
579000.0,513.1817722244125
580000.0,3123.1627762574853
581000.0,1038.2828224506761
582000.0,3406.702816763533
583000.0,3140.682299399473
584000.0,3156.37888746593
585000.0,3242.8756718487957
586000.0,3309.9245622036933
587000.0,1008.2251819744044
588000.0,1989.2401858777891
589000.0,2617.523124971508
590000.0,999.3834716390893
591000.0,1913.0000830534636
592000.0,3212.9409118838585
593000.0,2904.98518058481
594000.0,3455.5196919690115
595000.0,3272.7141744626715
596000.0,3464.5924435139927
597000.0,2360.376998897734
598000.0,2016.544805886445
599000.0,2437.933770848579
600000.0,3305.957280962101
601000.0,127.25508458571312
602000.0,-2.9287340680066762
603000.0,838.2999248647574
604000.0,2366.491886157754
605000.0,1935.9726365486874
606000.0,46.95138958495477
607000.0,718.6438111103331
608000.0,3388.8746519577935
609000.0,201.24106046294696
610000.0,2075.963613872885
611000.0,950.5083355602808
612000.0,3118.038119253515
613000.0,24.62602358900537
614000.0,3549.7057140005004
615000.0,3587.08277297803
616000.0,289.3319905157775
617000.0,1221.954249656863
618000.0,3032.8381894181425
619000.0,3346.846618572919
620000.0,917.499396917148
621000.0,1822.3323737720139
622000.0,3189.167010162182
623000.0,1677.5133973695724
624000.0,150.4927231489212
625000.0,266.1610019697184
626000.0,1488.270605569399
627000.0,3393.0024046807976
628000.0,105.3233119621772
629000.0,1436.7252275377823
630000.0,3421.523185054563
631000.0,2242.4866951031595
632000.0,3178.6179263410686
633000.0,1272.5818239706641
634000.0,2501.3727768560743
635000.0,12.356883109175547
636000.0,1795.17786184012
637000.0,3536.6482711103217
638000.0,3336.3889447567285
639000.0,3572.996672524733
640000.0,593.4302643982223
641000.0,651.0807595827832
642000.0,3671.6495703504133
643000.0,3483.2368372533497
644000.0,3236.399339379859
645000.0,563.2432654026018
646000.0,3421.9721080525287
647000.0,3426.9055778422467
648000.0,3331.59714810315
649000.0,3282.687254587494
650000.0,864.5268513745522
651000.0,2046.4923651920828
652000.0,1395.3986288055128
653000.0,887.1225155692035
654000.0,3078.0640966679566
655000.0,963.1731417262712
656000.0,2935.693287257704
657000.0,3712.8481616515155
658000.0,1730.8190769396356
659000.0,1377.983936822874
660000.0,836.8307160680262
661000.0,1326.5460157408038
662000.0,1546.9604415277065
663000.0,3574.3888316869993
664000.0,1550.087078020409
665000.0,608.5783799338928
666000.0,221.51991508253315
667000.0,955.0549768086546
668000.0,3607.3695224411304
669000.0,3675.8525704695357
670000.0,3440.407527928338
671000.0,147.7431048151352
672000.0,698.0820484622371
673000.0,3340.1035223831022
674000.0,3379.5333459469075
675000.0,3064.873170837416
676000.0,3526.3418334065022
677000.0,3642.3566182873246
678000.0,3671.201665946051
679000.0,3418.767091827701
680000.0,3489.2355381414222
681000.0,631.0246304519928
682000.0,1829.716667160521
683000.0,943.9841027843356
684000.0,3512.3802757260764
685000.0,3417.2310556269667
686000.0,1991.8255110882897
687000.0,44.512978965225194
688000.0,3857.0040207966936
689000.0,3585.8000004022906
690000.0,478.5666243139373
691000.0,2213.107407790271
692000.0,1756.717025822441
693000.0,2843.3606120215536
694000.0,3538.129309169213
695000.0,3710.906211147165
696000.0,3631.0445867703493
697000.0,253.8704235318
698000.0,129.9268180155895
699000.0,2659.4200136916497
700000.0,2440.7136483528566
701000.0,3418.7814927869067
702000.0,2632.413869175641
703000.0,176.30852998804824
704000.0,1858.198516649137
705000.0,2641.5206141429517
706000.0,1188.104550283032
707000.0,1414.3813298412538
708000.0,1387.4049235597527
709000.0,1752.7564781538351
710000.0,3458.4338465355618
711000.0,3920.6491716025857
712000.0,1443.4609275227253
713000.0,278.23067865863675
714000.0,3897.5199797527744
715000.0,3893.6577685247603
716000.0,3148.300409104561
717000.0,3492.051549552509
718000.0,3592.3492403908936
719000.0,708.652301472585
720000.0,512.6184291670359
721000.0,3283.0462364155032
722000.0,264.1305774899689
723000.0,178.8961751219233
724000.0,653.4207307822948
725000.0,3756.8673915929535
726000.0,3753.3582288770626
727000.0,644.5698853341374
728000.0,3548.487493580364
729000.0,3871.300718625853
730000.0,3818.194734667872
731000.0,1034.3028813354224
732000.0,1943.9643324750843
733000.0,3619.368303533924
734000.0,3835.981961242636
735000.0,3946.8660071358445
736000.0,3208.085898607665
737000.0,1364.78673034312
738000.0,3972.526161781746
739000.0,4001.631454601736
740000.0,2802.929789467199
741000.0,3869.206343777862
742000.0,4042.8198041407577
743000.0,818.9469178478688
744000.0,2671.444771686444
745000.0,93.99664898318935
746000.0,100.67780292931636
747000.0,1473.3895146982072
748000.0,2523.9271738324446
749000.0,3984.808329905487
750000.0,3704.6942553719264
751000.0,1442.1932646547589
752000.0,1868.2774686642001
753000.0,1871.457566683165
754000.0,3625.0979187808566
755000.0,4068.840291749991
756000.0,2873.1112177057153
757000.0,3636.289260341381
758000.0,3816.8580735203495
759000.0,2607.5290992467826
760000.0,3915.570207761375
761000.0,35.440008763202044
762000.0,463.129334152783
763000.0,4040.295397388038
764000.0,3567.3982447173444
765000.0,3863.2155765384096
766000.0,3745.9087375985737
767000.0,3857.6404682911575
768000.0,3804.419844943058
769000.0,4175.761998368273
770000.0,1714.3124662535752
771000.0,2242.577164889922
772000.0,2070.4744293530894
773000.0,3752.181069144137
774000.0,4120.279420388582
775000.0,4008.19136945711
776000.0,3910.6061859654255
777000.0,3828.9889706605713
778000.0,4097.63531045468
779000.0,3975.8256775278373
780000.0,4051.395226717407
781000.0,3718.0585925873593
782000.0,176.26261566092703
783000.0,3731.9672983154774
784000.0,3071.360847798059
785000.0,3863.3316179328936
786000.0,4016.593418240233
787000.0,1306.0584136937177
788000.0,3835.508822047555
789000.0,2827.5809629697937
790000.0,3920.1936602397163
791000.0,1932.4878753010382
792000.0,4197.133589583622
793000.0,776.1088953567062
794000.0,741.2564344851371
795000.0,149.225600780177
796000.0,2508.2360299291477
797000.0,3809.422100883231
798000.0,3548.801458164851
799000.0,568.1925750077132
800000.0,3879.7855624812073
801000.0,1037.0337141639513
802000.0,3969.381182605357
803000.0,3822.707087378382
804000.0,68.5231408485499
805000.0,3868.032856214233
806000.0,3772.3785506954437
807000.0,4106.238983304914
808000.0,3928.4715657209
809000.0,4187.691227053501
810000.0,4033.799537366723
811000.0,4010.4542995045044
812000.0,4337.852166556344
813000.0,435.96824642560495
814000.0,3741.127918520294
815000.0,4345.878861344519
816000.0,97.19690575986124
817000.0,4153.858839879326
818000.0,4132.72546752179
819000.0,4203.23383140184
820000.0,4206.391826996385
821000.0,4099.659401589981
822000.0,4237.509289459266
823000.0,4236.9673178026915
824000.0,3595.485204716583
825000.0,3956.6123993855426
826000.0,4094.5517190357727
827000.0,2678.255057783708
828000.0,4019.652547173761
829000.0,3985.400112826678
830000.0,4071.082559567369
831000.0,4010.7857785927968
832000.0,4312.385400169609
833000.0,1935.7590457078575
834000.0,1015.1147416371841
835000.0,4103.2166865230165
836000.0,4250.543925560768
837000.0,4075.4883500658907
838000.0,4540.484206706416
839000.0,3855.5099031903997
840000.0,4086.3803352023724
841000.0,4343.567029687965
842000.0,1649.331304338115
843000.0,3775.393044229067
844000.0,4214.318561589586
845000.0,4174.365639901342
846000.0,3709.8667495424147
847000.0,384.89369176745043
848000.0,804.5302451838867
849000.0,4172.13037542491
850000.0,4239.541125163931
851000.0,4090.5006108769408
852000.0,1711.8992767829911
853000.0,4204.261185656535
854000.0,4431.983740308678
855000.0,4525.0678987381125
856000.0,4126.441265122546
857000.0,3777.524575114709
858000.0,4224.769997928373
859000.0,2189.4775139839617
860000.0,3680.2774811419913
861000.0,4138.223906604457
862000.0,4091.244116366181
863000.0,4253.088384412874
864000.0,1405.7841410345786
865000.0,4211.147028399226
866000.0,4341.704941784292
867000.0,4297.988552431859
868000.0,4253.143087263149
869000.0,4221.987398292379
870000.0,4353.973582677442
871000.0,4187.967387171462
872000.0,3979.7377747484043
873000.0,4249.500338768788
874000.0,4193.299476838268
875000.0,4337.313527672455
876000.0,2796.673859887127
877000.0,1047.266965189033
878000.0,1845.0173410607385
879000.0,4296.948532095365
880000.0,4279.259416552082
881000.0,4423.711132351652
882000.0,4230.015340512129
883000.0,2062.2577289981928
884000.0,4166.8991252215765
885000.0,4215.831789173406
886000.0,4069.0252989343353
887000.0,4390.180993265873
888000.0,4309.060952053545
889000.0,4150.719045643378
890000.0,4090.274275053988
891000.0,3967.9002404073717
892000.0,4210.0053922633
893000.0,4188.292020906248
894000.0,2557.153071654237
895000.0,505.44565020370555
896000.0,4213.321192742453
897000.0,4314.647047223708
898000.0,4127.34053741156
899000.0,4167.118257464696
900000.0,4079.5156001501673
901000.0,4302.733816533235
902000.0,4271.702087955323
903000.0,4390.373491997547
904000.0,2776.7617387327464
905000.0,4435.891646506145
906000.0,4375.8547228221005
907000.0,1358.485503564752
908000.0,4249.795958203207
909000.0,4574.356444571511
910000.0,4372.343870860673
911000.0,18.696437674108758
912000.0,4109.731249029845
913000.0,4027.206417569333
914000.0,4207.223931636306
915000.0,4162.69721133099
916000.0,3938.176336517253
917000.0,4456.596044720592
918000.0,4311.027546392387
919000.0,4241.620998787113
920000.0,4394.945590938951
921000.0,4572.798719959599
922000.0,4276.343365497502
923000.0,4381.407482924007
924000.0,4177.379445666579
925000.0,3884.8672098319475
926000.0,263.8976537847362
927000.0,730.8454662974
928000.0,1735.055866453503
929000.0,1070.0418552350627
930000.0,4478.191965881096
931000.0,44.83012407652224
932000.0,4297.971445682876
933000.0,4362.432790237507
934000.0,4518.690511795034
935000.0,4360.937491583565
936000.0,4316.985188774782
937000.0,4217.086311249092
938000.0,2552.8667235636763
939000.0,4271.937265412105
940000.0,4232.11783278066
941000.0,4393.998203588235
942000.0,4207.681673866455
943000.0,4287.908782088954
944000.0,4346.684975621442
945000.0,4587.296429590857
946000.0,4463.62888466442
947000.0,4483.6283401478195
948000.0,4328.279144186194
949000.0,2530.7497843305046
950000.0,4788.363571274491
951000.0,4485.213171619188
952000.0,4356.062633005789
953000.0,4314.970811802885
954000.0,4559.920005686631
955000.0,2912.842743261246
956000.0,4436.5729438966855
957000.0,4544.509605804362
958000.0,2372.0645620104406
959000.0,423.67139529706577
960000.0,4245.191275165137
961000.0,4325.448836367016
962000.0,4289.27391375816
963000.0,1115.1796060238087
964000.0,4720.586771458083
965000.0,4403.403209244582
966000.0,1401.0844427562367
967000.0,4321.380418629373
968000.0,4559.2730917384715
969000.0,3205.8777377585934
970000.0,107.26629151777763
971000.0,1452.2095244644788
972000.0,4062.8149457585273
973000.0,2727.2916088943693
974000.0,4346.216537776093
975000.0,4384.666880703019
976000.0,1359.5062930236347
977000.0,3670.4467690525626
978000.0,4568.516744174797
979000.0,1193.9179676295146
980000.0,4305.183213479577
981000.0,18.23240962674721
982000.0,4459.863061829592
983000.0,4292.439552325196
984000.0,4284.42751679954
985000.0,4395.927670254072
986000.0,4462.546889519461
987000.0,4345.65259688809
988000.0,4436.235307427745
989000.0,624.9585076681892
990000.0,4271.862451500145
991000.0,3749.399519872534
992000.0,4162.446566232724
993000.0,4393.193454139941
994000.0,4592.308061777305
995000.0,4349.8855810742025
996000.0,4389.655311607026
997000.0,4811.124439594489
998000.0,4656.497261731196
999000.0,4481.109581030986
1000000.0,3199.5058598045302
1001000.0,4566.790190925278
1002000.0,4493.264901327063
1003000.0,2828.505540417672
1004000.0,4561.829909903452
1005000.0,4549.131798772074
1006000.0,3719.3796301542743
1007000.0,4175.156020757316
1008000.0,4468.419065668236
1009000.0,4492.616876528092
1010000.0,4518.70997245551
1011000.0,4668.773503003797
1012000.0,615.2543447674562
1013000.0,4813.449442707534
1014000.0,4333.4458190609075
1015000.0,4491.722593407619
1016000.0,4453.914686807975
1017000.0,4586.2891421167
1018000.0,2127.5740362657534
1019000.0,4376.1303202327035
1020000.0,2342.724212580531
1021000.0,4381.159201148371
1022000.0,4442.4639941819505
1023000.0,4668.999523165037
1024000.0,2885.0421328964303
1025000.0,4536.970503912451
1026000.0,4482.799802188061
1027000.0,4611.259686642555
1028000.0,4628.83065718041
1029000.0,4655.73534925694
1030000.0,4718.620735697536
1031000.0,4275.141592050416
1032000.0,4248.549851280719
1033000.0,4565.424204567008
1034000.0,1814.1620941310493
1035000.0,811.9661349947313
1036000.0,4635.268448374452
1037000.0,4858.119033818461
1038000.0,4601.57723766972
1039000.0,4636.5726842380645
1040000.0,534.5019842844878
1041000.0,1779.4652514116938
1042000.0,4481.505433972403
1043000.0,4671.990173198681
1044000.0,4698.188459263293
1045000.0,4515.791972935853
1046000.0,449.71067486305355
1047000.0,4721.7808792572805
1048000.0,4677.617419577954
1049000.0,4686.76401611762
1050000.0,4222.158390924609
1051000.0,4563.6649276232265
1052000.0,4543.920450854778
1053000.0,4228.249137596988
1054000.0,4697.259240511506
1055000.0,4748.647904153964
1056000.0,4817.7660068048735
1057000.0,1803.4804719615643
1058000.0,450.8303820828592
1059000.0,1713.0346648922612
1060000.0,4667.191695110557
1061000.0,4580.391791975805
1062000.0,4771.74039698484
1063000.0,4671.176202207405
1064000.0,4517.409809863102
1065000.0,4258.743148566172
1066000.0,4659.743186614281
1067000.0,3566.879114139466
1068000.0,4414.224930310222
1069000.0,4564.464041939036
1070000.0,4700.644341842843
1071000.0,4568.945447558806
1072000.0,4800.471891560101
1073000.0,4615.364997734511
1074000.0,4651.874491227306
1075000.0,4668.54466486222
1076000.0,4576.010897583701
1077000.0,4632.39692216639
1078000.0,4755.548837273599
1079000.0,4584.882654483554
1080000.0,4530.743244482152
1081000.0,4288.71084901886
1082000.0,4823.249401276703
1083000.0,4465.122197729736
1084000.0,4763.02245547192
1085000.0,4711.217513327743
1086000.0,4753.848740366066
1087000.0,4788.78761354571
1088000.0,4897.235687058917
1089000.0,4754.703518748578
1090000.0,4797.912781327923
1091000.0,4682.689408562291
1092000.0,2242.486806577376
1093000.0,2074.6993702154577
1094000.0,3589.4260215677295
1095000.0,3501.6012331994953
1096000.0,4568.7532787309765
1097000.0,4645.371360703855
1098000.0,4531.220128482902
1099000.0,4464.729451521964
1100000.0,4770.90274945863
1101000.0,4742.962860856387
1102000.0,4802.435164440441
1103000.0,4612.876828895285
1104000.0,4713.924964459204
1105000.0,4883.4553700124725
1106000.0,4889.925933083066
1107000.0,37.578181415839964
1108000.0,4694.380657961276
1109000.0,4772.741880346549
1110000.0,452.84647415417953
1111000.0,4306.217624750999
1112000.0,1592.9570054868827
1113000.0,4789.375995075795
1114000.0,4788.424019557111
1115000.0,4537.841728645404
1116000.0,4906.23915808304
1117000.0,4810.863418333117
1118000.0,4780.18389353325
1119000.0,4439.953165311935
1120000.0,4880.631134829389
1121000.0,4616.517435522663
1122000.0,4983.650536514195
1123000.0,4721.223294899281
1124000.0,4994.973205068631
1125000.0,4643.737789153386
1126000.0,4733.5002967866685
1127000.0,4349.186240499648
1128000.0,4598.16255347131
1129000.0,4823.049262435791
1130000.0,5012.070331183576
1131000.0,4755.054044881607
1132000.0,4761.223132396979
1133000.0,4805.574143372736
1134000.0,1825.4029056836628
1135000.0,4963.558669690071
1136000.0,4750.977994507713
1137000.0,4701.166584794176
1138000.0,4596.872003314029
1139000.0,4802.516727102876
1140000.0,4614.357795305541
1141000.0,5084.237792235512
1142000.0,4553.682576181436
1143000.0,4902.348584683986
1144000.0,4629.96939418007
1145000.0,4896.273951228419
1146000.0,4659.416086921648
1147000.0,4739.698406541482
1148000.0,4656.679320519021
1149000.0,4935.151656799359
1150000.0,2624.842098083381
1151000.0,4598.08620295334
1152000.0,4736.649817339819
1153000.0,4582.530278703214
1154000.0,4944.2309260475695
1155000.0,4773.603478017453
1156000.0,4673.550822102207
1157000.0,4846.533470660379
1158000.0,4642.768843864165
1159000.0,4575.702487040227
1160000.0,4657.2815034507175
1161000.0,4861.420331252618
1162000.0,4873.431347772953
1163000.0,3816.5301129407962
1164000.0,4839.046894378043
1165000.0,0.8798068404376651
1166000.0,4609.727310111451
1167000.0,4938.784561245888
1168000.0,3429.3721476758938
1169000.0,4545.995804977685
1170000.0,4957.5348444901265
1171000.0,4694.073381945318
1172000.0,4761.446886455349
1173000.0,4866.2333764928135
1174000.0,3060.3192517053258
1175000.0,134.92887655131688
1176000.0,4678.977021891319
1177000.0,4728.287504351125
1178000.0,4751.581675601763
1179000.0,4868.81432778871
1180000.0,4944.273260172371
1181000.0,4584.633463099843
1182000.0,4604.053720204518
1183000.0,4955.080248183715
1184000.0,5089.707915887937
1185000.0,4740.545293675907
1186000.0,4709.395460806666
1187000.0,4609.07096244793
1188000.0,4521.372145967468
1189000.0,4828.443131967384
1190000.0,4419.7105227418015
1191000.0,68.78159709902131
1192000.0,4958.047839777467
1193000.0,4870.1367405012725
1194000.0,4871.433122402004
1195000.0,4707.396816151792
1196000.0,4658.868253965079
1197000.0,4620.657424716488
1198000.0,4857.848834583605
1199000.0,5025.202255396074
1200000.0,4717.003776280776
1201000.0,4822.493433885027
1202000.0,5.161298833360156
1203000.0,4672.524119396955
1204000.0,4933.614568347394
1205000.0,86.8941720575307
1206000.0,4920.120611796993
1207000.0,5080.56472053809
1208000.0,4870.025782809904
1209000.0,4912.036202772057
1210000.0,4629.563724504053
1211000.0,4771.154456801059
1212000.0,4814.827383004142
1213000.0,3047.144684914462
1214000.0,5020.810460477566
1215000.0,5051.931431002429
1216000.0,5062.3597909856235
1217000.0,4698.148102964422
1218000.0,1700.0982864219895
1219000.0,4797.14105728693
1220000.0,4881.276196270428
1221000.0,5064.212100754323
1222000.0,5007.042762622207
1223000.0,4943.296865472375
1224000.0,4841.081199109716
1225000.0,4690.229335076195
1226000.0,14.516226541729853
1227000.0,5090.276762973986
1228000.0,4696.485634182894
1229000.0,4785.713605925132
1230000.0,4804.160122449118
1231000.0,4926.780354708196
1232000.0,4644.949902549468
1233000.0,1502.7998741095091
1234000.0,4769.265564686573
1235000.0,4882.075917550089
1236000.0,4789.610977085058
1237000.0,4749.07377444473
1238000.0,4880.991982624111
1239000.0,4765.4901906186
1240000.0,4596.243475757316
1241000.0,5152.033609731725
1242000.0,4937.934703889135
1243000.0,4966.304642002248
1244000.0,4711.480208250992
1245000.0,4945.047261297624
1246000.0,4890.291539038856
1247000.0,5105.773067759846
1248000.0,2.792572013184597
1249000.0,4700.51621260219
1250000.0,4878.567493332073
1251000.0,4717.409315019998
1252000.0,4991.70484346413
1253000.0,1684.4638641221688
1254000.0,628.0116873317
1255000.0,4894.846222476668
1256000.0,4839.6854649857105
1257000.0,5001.087376889245
1258000.0,4896.9666331721655
1259000.0,5006.1235860791585
1260000.0,3054.060285714695
1261000.0,4857.94148298852
1262000.0,4737.620329624524
1263000.0,4885.829035309663
1264000.0,5112.356313174094
1265000.0,5095.6178189669545
1266000.0,4913.33300964758
1267000.0,5126.663620308259
1268000.0,1462.8493194400583
1269000.0,5268.538293537389
1270000.0,4869.395691657114
1271000.0,4947.79591148511
1272000.0,4976.166900904554
1273000.0,5150.425170158878
1274000.0,4984.987835799888
1275000.0,5003.272504566451
1276000.0,4878.041696148864
1277000.0,4985.872579103749
1278000.0,4877.191526857002
1279000.0,4945.194136518605
1280000.0,4966.889451922092
1281000.0,5108.967758169797
1282000.0,801.332902386106
1283000.0,2968.2626483742447
1284000.0,4799.85407856341
1285000.0,4848.717269679042
1286000.0,4908.604727912367
1287000.0,4694.204171548595
1288000.0,4657.846959016018
1289000.0,4831.459988926318
1290000.0,4931.318856348433
1291000.0,5165.329249989918
1292000.0,5231.694882394633
1293000.0,4961.702463950635
1294000.0,4880.432258107922
1295000.0,4825.942503094628
1296000.0,5132.453358753513
1297000.0,4735.332080612287
1298000.0,5035.229704729413
1299000.0,1448.894085483856
1300000.0,5023.407366991666
1301000.0,5205.395796679461
1302000.0,4779.187271485999
1303000.0,1466.3478657461528
1304000.0,5000.138457318098
1305000.0,2551.936119582579
1306000.0,4749.827693972173
1307000.0,5125.624149425982
1308000.0,5019.7263368556605
1309000.0,4936.492756520221
1310000.0,5067.089891240932
1311000.0,4767.041507038749
1312000.0,4785.643691515037
1313000.0,4274.479385898367
1314000.0,5018.609059022004
1315000.0,5032.696682173873
1316000.0,5170.029252808897
1317000.0,5158.400122938996
1318000.0,5194.251656307721
1319000.0,5110.422372596102
1320000.0,4883.700303853324
1321000.0,4962.05644403064
1322000.0,5100.965791867688
1323000.0,4999.578447501652
1324000.0,1448.9715403028358
1325000.0,4879.481477983352
1326000.0,4856.986566635847
1327000.0,4905.821043215673
1328000.0,4830.7561473179385
1329000.0,4917.234829835466
1330000.0,5088.52230809635
1331000.0,5094.792506685211
1332000.0,5018.519269755417
1333000.0,70.53191845419637
1334000.0,5030.719177001118
1335000.0,4807.143239265119
1336000.0,4804.566001950436
1337000.0,4927.224255336869
1338000.0,4854.713095437959
1339000.0,4999.7798416576825
1340000.0,5108.58065693038
1341000.0,1.8529654745658222
1342000.0,1854.4752243611442
1343000.0,5080.587901732707
1344000.0,1271.7516328837532
1345000.0,4988.89599878508
1346000.0,5015.175292109658
1347000.0,5202.236501330382
1348000.0,4964.471807730989
1349000.0,4962.234417614519
1350000.0,5072.52817567455
1351000.0,5124.196232045906
1352000.0,4965.791119282865
1353000.0,5047.924512470334
1354000.0,4969.63515860212
1355000.0,4921.0201114709635
1356000.0,5024.193122115981
1357000.0,5074.059648983895
1358000.0,975.1490725666474
1359000.0,3418.6968473794586
1360000.0,1.435402970993088
1361000.0,2593.2386547696983
1362000.0,4935.145107260915
1363000.0,4887.4329421208395
1364000.0,4968.251176797227
1365000.0,5025.384209976501
1366000.0,5175.462454886491
1367000.0,5052.772394359832
1368000.0,5388.20650749953
1369000.0,4615.861582807192
1370000.0,4951.039789847123
1371000.0,995.9812332786165
1372000.0,4664.458351882553
1373000.0,5141.327403914323
1374000.0,5019.721101978035
1375000.0,5080.952240376888
1376000.0,4966.026760908309
1377000.0,3277.3406684154174
1378000.0,5236.823625229525
1379000.0,5310.464899807201
1380000.0,5030.5007676176065
1381000.0,5123.5371927860415
1382000.0,4932.288093085554
1383000.0,1464.2838423652106
1384000.0,5168.543071429772
1385000.0,5241.75149644484
1386000.0,4964.554856850653
1387000.0,5113.741283391394
1388000.0,5127.386057260948
1389000.0,0.38530832774741275
1390000.0,5298.581661655589
1391000.0,4969.647317085429
1392000.0,4970.771315229078
1393000.0,5062.022299715528
1394000.0,5312.697600443597
1395000.0,5077.5036263561615
1396000.0,5209.507607771215
1397000.0,5076.540673362452
1398000.0,5257.046934502094
1399000.0,5115.65646690723
1400000.0,4953.768344072036
1401000.0,5066.836827666782
1402000.0,5141.143903806327
1403000.0,5119.800901901805
1404000.0,5084.834321763321
1405000.0,5114.654784780412
1406000.0,5114.700709177059
1407000.0,5291.940092923882
1408000.0,4991.086486323351
1409000.0,5079.751216216362
1410000.0,5.379876588199069
1411000.0,5288.562987314081
1412000.0,5044.056984317266
1413000.0,688.0132563645975
1414000.0,5353.056831238329
1415000.0,5218.007385767492
1416000.0,2688.1481376458696
1417000.0,5200.251765720462
1418000.0,5294.4259552725125
1419000.0,5199.744250939617
1420000.0,5303.373971777192
1421000.0,5154.2729592224
1422000.0,2553.8299032699883
1423000.0,5136.237663893691
1424000.0,5249.5845807048745
1425000.0,5124.462305315183
1426000.0,5269.79152689514
1427000.0,5264.0789045175525
1428000.0,5216.981219163286
1429000.0,5167.445621485117
1430000.0,5183.658708859292
1431000.0,5159.928157000553
1432000.0,5134.66237378036
1433000.0,5083.976506067071
1434000.0,2614.798415558504
1435000.0,5230.301273680318
1436000.0,6.497504788139103
1437000.0,5210.830322492601
1438000.0,5120.748723385279
1439000.0,4387.8367193477625
1440000.0,5308.183069870745
1441000.0,5181.787786254278
1442000.0,5404.809048446908
1443000.0,5314.40204313557
1444000.0,4996.828674265023
1445000.0,5279.814001757628
1446000.0,2121.486397302229
1447000.0,5203.67117349981
1448000.0,5167.748858039993
1449000.0,5012.729031180148
1450000.0,1574.5113771326032
1451000.0,5344.073382731455
1452000.0,2678.481603928748
1453000.0,4717.492215976189
1454000.0,5331.138427139365
1455000.0,5504.115556147627
1456000.0,5190.360841167687
1457000.0,5452.62805327028
1458000.0,5141.472136479272
1459000.0,5460.779857097709
1460000.0,5239.495406821567
1461000.0,4935.628277826561
1462000.0,2053.001815535499
1463000.0,5229.047337391118
1464000.0,5259.558815014749
1465000.0,5244.532206677095
1466000.0,5179.050928638102
1467000.0,4804.095214087859
1468000.0,4640.98836047457
1469000.0,5219.065129774161
1470000.0,5293.999605237535
1471000.0,5331.407242149133
1472000.0,5134.739752310667
1473000.0,5198.528816705357
1474000.0,5284.713937162133
1475000.0,5187.5419242564
1476000.0,3884.7622625421345
1477000.0,5196.5567351595755
1478000.0,5133.669949094499
1479000.0,2481.891938928593
1480000.0,5120.218607885776
1481000.0,5114.121545212004
1482000.0,5194.005810702245
1483000.0,5125.224143302534
1484000.0,2239.2017940680644
1485000.0,5188.03215811253
1486000.0,5142.904042830405
1487000.0,5202.327994543109
1488000.0,5193.070609822207
1489000.0,4501.223734700586
1490000.0,5193.509004909193
1491000.0,5098.11387515228
1492000.0,5359.018146181319
1493000.0,5247.09436578977
1494000.0,5410.213710065973
1495000.0,5137.320210796053
1496000.0,5293.280237823798
1497000.0,5231.999190112009
1498000.0,5101.7326225274355
1499000.0,5163.829408636733
1500000.0,5256.872794903421
1501000.0,5012.584316057979
1502000.0,5396.698297282719
1503000.0,5172.298804544029
1504000.0,5240.092115475054
1505000.0,5356.931893378183
1506000.0,1447.0175204942789
1507000.0,5226.0042777563285
1508000.0,4021.728918217409
1509000.0,5368.581726920038
1510000.0,5235.448818406237
1511000.0,5350.919151486854
1512000.0,5256.7092447938085
1513000.0,2994.982579558696
1514000.0,5085.1754320117
1515000.0,3532.6297070984797
1516000.0,5302.822290979933
1517000.0,5345.975262045299
1518000.0,5392.648185531081
1519000.0,5489.328153439483
1520000.0,5367.925823189165
1521000.0,5220.648178278383
1522000.0,5145.275423846928
1523000.0,1295.227953006155
1524000.0,5507.797849220992
1525000.0,5248.0811873022885
1526000.0,445.4839854078619
1527000.0,5436.917205608982
1528000.0,5354.977694668477
1529000.0,716.0843534257801
1530000.0,5463.008102169747
1531000.0,5341.135994442714
1532000.0,5210.778249301842
1533000.0,5362.408086935321
1534000.0,1193.6660760596478
1535000.0,5329.820832081951
1536000.0,748.9066165397946
1537000.0,1848.7232871120539
1538000.0,5412.374372840825
1539000.0,937.2466168401934
1540000.0,5275.146096891024
1541000.0,5287.093875611083
1542000.0,5311.834730520859
1543000.0,5400.840836944712
1544000.0,5344.879623714902
1545000.0,5220.152556525748
1546000.0,5224.45581561991
1547000.0,5250.2013771251895
1548000.0,5397.101699360255
1549000.0,5092.566639078178
1550000.0,1492.3031039679295
1551000.0,5435.943841906821
1552000.0,5420.289004891083
1553000.0,1194.7086581937187
1554000.0,5383.715081746179
1555000.0,5176.310953323547
1556000.0,5202.430993390246
1557000.0,5380.955798645045
1558000.0,5064.513347098944
1559000.0,5209.262876663596
1560000.0,5391.220442776921
1561000.0,5244.608149954614
1562000.0,5286.600852288235
1563000.0,5060.434491596072
1564000.0,5287.61324965878
1565000.0,5178.654862676583
1566000.0,5382.406115775715
1567000.0,5196.647853942212
1568000.0,5534.880390877399
1569000.0,5614.714995876797
1570000.0,5448.879611065274
1571000.0,5371.508893079581
1572000.0,5491.089257725955
1573000.0,5205.573417367222
1574000.0,5389.944293185783
1575000.0,5285.611188326021
1576000.0,5192.9160654376865
1577000.0,262.4420182692263
1578000.0,5555.456636222845
1579000.0,2059.304699080471
1580000.0,5512.075792256122
1581000.0,5522.424089064585
1582000.0,5625.928829347204
1583000.0,5354.90132922177
1584000.0,5170.8717621496935
1585000.0,5414.72908743818
1586000.0,5089.487464537587
1587000.0,5255.509156673072
1588000.0,5680.095736870342
1589000.0,5267.68185826112
1590000.0,3107.976330860391
1591000.0,5326.36547803872
1592000.0,5520.733093518118
1593000.0,5461.934607993213
1594000.0,5341.893400012067
1595000.0,5303.2386470966785
1596000.0,5415.0209701347885
1597000.0,5496.711285162403
1598000.0,5462.18052870895
1599000.0,706.3277043171519
1600000.0,5285.0879047221615
1601000.0,5506.885848213498
1602000.0,5421.062812734051
1603000.0,5244.273472435087
1604000.0,5330.56343857302
1605000.0,782.543909690263
1606000.0,5345.3914212246
1607000.0,4528.1522065464005
1608000.0,5477.40555579327
1609000.0,5191.270917988593
1610000.0,5406.464542601067
1611000.0,5476.581833624222
1612000.0,5359.768511311652
1613000.0,5405.222247829707
1614000.0,3819.8913557573833
1615000.0,5475.1900986491355
1616000.0,5617.316170051997
1617000.0,5294.181046590592
1618000.0,5550.851747229537
1619000.0,5349.822971922567
1620000.0,5595.814522348761
1621000.0,5501.498417674276
1622000.0,2271.72552693383
1623000.0,4771.423208245807
1624000.0,5398.307971633414
1625000.0,5457.233226810805
1626000.0,5425.836314909842
1627000.0,2542.6411963228848
1628000.0,5683.25049200442
1629000.0,5447.396977385765
1630000.0,5375.4296241891325
1631000.0,405.22837006094204
1632000.0,5227.45113693726
1633000.0,5486.27702258785
1634000.0,5441.417933666084
1635000.0,5579.786678698665
1636000.0,5406.589591363467
1637000.0,5504.503013697628
1638000.0,5271.265530777926
1639000.0,5634.337890252242
1640000.0,4064.6761894680244
1641000.0,5417.684331932317
1642000.0,5194.988301464655
1643000.0,5149.152355642969
1644000.0,5571.7319834560985
1645000.0,423.1010414761477
1646000.0,5449.933475746664
1647000.0,5414.9536458432685
1648000.0,5528.413125161641
1649000.0,5752.537783253794
1650000.0,375.6741896328606
1651000.0,5311.570594663645
1652000.0,5470.677764634957
1653000.0,5596.340725966615
1654000.0,5464.838105082009
1655000.0,5518.64610929778
1656000.0,5254.482335010394
1657000.0,5141.787280347957
1658000.0,5384.503098112441
1659000.0,5450.540575299323
1660000.0,5381.655533579969
1661000.0,5069.0996730098595
1662000.0,4170.724234736728
1663000.0,5504.337485004934
1664000.0,5580.801120156579
1665000.0,5445.91861331857
1666000.0,5682.508499717977
1667000.0,5282.848759037108
1668000.0,5449.040765256843
1669000.0,4487.097812185361
1670000.0,5548.335053853059
1671000.0,4987.8523212906575
1672000.0,5333.479035473269
1673000.0,5457.183490482253
1674000.0,5644.391646045169
1675000.0,5518.868561639359
1676000.0,5420.186018846509
1677000.0,5432.94904266121
1678000.0,5600.21743008649
1679000.0,5493.091899105331
1680000.0,5405.886947774626
1681000.0,5531.380164571532
1682000.0,5429.797685746709
1683000.0,5187.5659935644
1684000.0,5522.723481943351
1685000.0,5390.083419467819
1686000.0,5492.255315018728
1687000.0,5475.6361961806815
1688000.0,5526.321465546508
1689000.0,5305.655867886891
1690000.0,5493.708156683288
1691000.0,5518.634290828093
1692000.0,5468.453287945853
1693000.0,5468.575375924859
1694000.0,5350.0692864691155
1695000.0,5484.552870191288
1696000.0,5686.855991299697
1697000.0,5308.811381494528
1698000.0,5440.9213622763045
1699000.0,5401.549744655684
1700000.0,5454.949452801602
1701000.0,5479.7403334249375
1702000.0,177.07566300845338
1703000.0,5166.100078583893
1704000.0,5425.350767744509
1705000.0,5577.133933440892
1706000.0,5538.983072410221
1707000.0,5474.204122331965
1708000.0,5407.4093233714175
1709000.0,5409.834377933827
1710000.0,5582.440712379884
1711000.0,5562.550346460053
1712000.0,5668.398812173873
1713000.0,5107.158996522532
1714000.0,5527.829550315111
1715000.0,3396.600093689641
1716000.0,5270.041116884635
1717000.0,5490.862325999692
1718000.0,5369.2927429696465
1719000.0,5621.727516893199
1720000.0,2244.382551143789
1721000.0,5413.4335009445285
1722000.0,5483.360750293618
1723000.0,5524.589774433478
1724000.0,5263.415096865933
1725000.0,2393.5778477203057
1726000.0,5454.288141596589
1727000.0,5403.744640237896
1728000.0,5477.745168530315
1729000.0,5512.01057517797
1730000.0,5519.822669599907
1731000.0,5492.127273823584
1732000.0,5573.530620065312
1733000.0,5631.848017076557
1734000.0,5451.364664274067
1735000.0,5459.818470726261
1736000.0,5543.116194829574
1737000.0,5502.405701753744
1738000.0,5596.63033110103
1739000.0,5345.259259031115
1740000.0,5677.7301069196865
1741000.0,5602.839234468638
1742000.0,5497.98759236537
1743000.0,5710.766556875592
1744000.0,5447.430399276973
1745000.0,5565.122764856289
1746000.0,267.54722794028504
1747000.0,5590.1288363088115
1748000.0,5465.764125237948
1749000.0,5565.779097622165
1750000.0,5514.625886167459
1751000.0,5572.651897583986
1752000.0,1876.032436532098
1753000.0,5209.978390469547
1754000.0,5519.898467832709
1755000.0,3998.881702139478
1756000.0,5588.098512705125
1757000.0,5420.755973947242
1758000.0,5537.450634821348
1759000.0,5465.35964051893
1760000.0,5615.973775784095
1761000.0,3688.7464488102446
1762000.0,5680.415409412843
1763000.0,5593.862461437481
1764000.0,5463.164896221049
1765000.0,5408.536210096852
1766000.0,5509.485753664122
1767000.0,5531.594674260003
1768000.0,5564.511802786956
1769000.0,5272.400545905967
1770000.0,330.3443806164642
1771000.0,3490.0592219552245
1772000.0,5485.501423230198
1773000.0,5331.790457540092
1774000.0,5447.0900822735985
1775000.0,5524.1436057733745
1776000.0,5493.334695070582
1777000.0,5631.042488415816
1778000.0,5510.7278496658655
1779000.0,5447.2784368484
1780000.0,5590.913420862794
1781000.0,1.3787677966622336
1782000.0,5524.026799096533
1783000.0,5232.98563265756
1784000.0,5421.284403394385
1785000.0,4710.986200787548
1786000.0,5601.608516450134
1787000.0,5608.395793395646
1788000.0,5477.20030336476
1789000.0,5581.7449091756025
1790000.0,5560.366583621271
1791000.0,5538.321051929384
1792000.0,5742.258658138584
1793000.0,5729.473102219778
1794000.0,5297.488743592704
1795000.0,5624.915669329675
1796000.0,5594.942923137614
1797000.0,5464.880150004725
1798000.0,5429.965460617199
1799000.0,5639.135759267801
1800000.0,5446.5078954517485
1801000.0,2212.176224475461
1802000.0,5666.507681712385
1803000.0,5336.58863720318
1804000.0,5611.736361755375
1805000.0,5478.982651244205
1806000.0,5517.2248422480825
1807000.0,5599.344478827306
1808000.0,5492.173935590361
1809000.0,2434.5548437624707
1810000.0,5244.145373493524
1811000.0,5373.873138635898
1812000.0,5556.514984203961
1813000.0,5440.489109222766
1814000.0,5624.794862225003
1815000.0,3.921629123833865
1816000.0,5653.4924595770835
1817000.0,2874.09057471541
1818000.0,5585.892950443001
1819000.0,3642.219286096377
1820000.0,2695.084780960294
1821000.0,5637.718139201677
1822000.0,5695.982563892581
1823000.0,5550.37272145655
1824000.0,5371.423193541215
1825000.0,5555.2536236541755
1826000.0,5793.547489088784
1827000.0,5755.7774789905425
1828000.0,5393.755301694088
1829000.0,5676.608405812419
1830000.0,5589.486799334856
1831000.0,5665.369019102392
1832000.0,5769.968459431788
1833000.0,5551.764266199066
1834000.0,5543.566656257113
1835000.0,5541.811651334718
1836000.0,5589.689595834914
1837000.0,5807.515443678271
1838000.0,5656.45725614502
1839000.0,5464.548890259045
1840000.0,5501.523535967377
1841000.0,5334.471727140872
1842000.0,571.0060491819064
1843000.0,5587.916886870284
1844000.0,4278.798105583581
1845000.0,5624.129370153638
1846000.0,111.97538546414941
1847000.0,5442.329418492811
1848000.0,5383.658854803985
1849000.0,4159.549860601994
1850000.0,5626.766703296526
1851000.0,5517.28797449397
1852000.0,2764.8182603196888
1853000.0,5763.556993376427
1854000.0,5404.478381399195
1855000.0,5586.083133342323
1856000.0,5548.616080690284
1857000.0,3866.749801212816
1858000.0,5592.60631496707
1859000.0,5361.266050314393
1860000.0,5622.138989203447
1861000.0,5376.747945228664
1862000.0,5590.718603673193
1863000.0,5604.345883195559
1864000.0,5646.529780060125
1865000.0,5516.832266062742
1866000.0,5550.741271363819
1867000.0,5712.801779618907
1868000.0,5674.066175428726
1869000.0,4992.660784121801
1870000.0,5386.342064079787
1871000.0,5425.099980017514
1872000.0,5071.933763104944
1873000.0,5389.168942900477
1874000.0,2336.437688095462
1875000.0,1425.7919304922043
1876000.0,5594.500555151748
1877000.0,5575.314191073402
1878000.0,3982.4384860079535
1879000.0,5710.821624394806
1880000.0,5502.088648882036
1881000.0,5789.553870083222
1882000.0,5690.668793275321
1883000.0,5603.542169694248
1884000.0,1662.6297638305023
1885000.0,1609.618419432939
1886000.0,5780.627196998292
1887000.0,5598.928631466613
1888000.0,5535.629742020467
1889000.0,1649.640474806742
1890000.0,5593.676018004013
1891000.0,5743.5073665728205
1892000.0,5591.9945419187325
1893000.0,5785.235972896471
1894000.0,5505.618930514967
1895000.0,2140.304526900846
1896000.0,5653.991668521567
1897000.0,5666.840330640478
1898000.0,5728.342280753059
1899000.0,5763.055871888977
1900000.0,5429.875850221347
1901000.0,5798.124473037283
1902000.0,5704.223532357248
1903000.0,5605.055795071675
1904000.0,5770.682560071939
1905000.0,5682.8003007904235
1906000.0,5452.98244900751
1907000.0,5553.080777227059
1908000.0,5561.407105632187
1909000.0,1271.7862001685316
1910000.0,3004.1080684680724
1911000.0,5731.281940897108
1912000.0,4326.9795095833815
1913000.0,5556.71973249871
1914000.0,5677.987714226172
1915000.0,2614.598454928476
1916000.0,5761.295301437601
1917000.0,5863.45442682703
1918000.0,5748.831323129896
1919000.0,5143.647409727532
1920000.0,2041.7450984101952
1921000.0,5654.160921985654
1922000.0,5768.227050554538
1923000.0,5573.97332457611
1924000.0,5606.214355173686
1925000.0,4591.628283649167
1926000.0,150.0597551422571
1927000.0,5719.748891563898
1928000.0,5470.360808165605
1929000.0,5692.805643117112
1930000.0,5480.808567958442
1931000.0,5584.253271994369
1932000.0,5641.321107133248
1933000.0,1532.459924041144
1934000.0,5487.541168137479
1935000.0,5681.398409162865
1936000.0,5684.054690067674
1937000.0,5857.576905445257
1938000.0,201.34940691195905
1939000.0,5693.285034216461
1940000.0,5431.416483594445
1941000.0,5494.234206817986
1942000.0,2026.6254784093394
1943000.0,5501.124443233886
1944000.0,5732.899128145858
1945000.0,5647.789889552958
1946000.0,5716.321480820328
1947000.0,5820.321370100489
1948000.0,5748.150600141078
1949000.0,5804.992525023207
1950000.0,902.0406657559581
1951000.0,5736.233892985242
1952000.0,5585.3853629452315
1953000.0,5623.847844686473
1954000.0,5815.53753986755
1955000.0,5653.3050687178575
1956000.0,76.78824273556008
1957000.0,5771.194577064479
1958000.0,5746.85912940852
1959000.0,5660.362379652332
1960000.0,5641.012683835696
1961000.0,4638.901256046404
1962000.0,5855.282641963724
1963000.0,5799.678791670669
1964000.0,5576.022377409134
1965000.0,5379.878657520392
1966000.0,5860.169302142352
1967000.0,5644.109793107151
1968000.0,3559.9921262880353
1969000.0,2240.3380799590586
1970000.0,5742.966862830593
1971000.0,5844.24286312488
1972000.0,5576.039065506672
1973000.0,5595.4979741961815
1974000.0,5749.267283978123
1975000.0,5787.735299872378
1976000.0,5676.978812016122
1977000.0,5756.513683546813
1978000.0,5813.9545978372025
1979000.0,5588.49262051369
1980000.0,5823.374437743166
1981000.0,5762.988964017613
1982000.0,1172.2697083002706
1983000.0,1760.47440064164
1984000.0,5699.34649717543
1985000.0,5549.23668197476
1986000.0,5527.645407824404
1987000.0,5666.990619004836
1988000.0,949.1838969283667
1989000.0,5750.715130546389
1990000.0,5668.196206247125
1991000.0,1797.1831095625625
1992000.0,5794.129674265908
1993000.0,5736.624587420552
1994000.0,5666.014210971797
1995000.0,5737.850043863586
1996000.0,5774.6504668960215
1997000.0,5651.101826894981
1998000.0,5482.812415788098
1999000.0,5922.433285157035
2000000.0,5811.261799277436
